,repoURL,Language,forks_count,stars_count
0,https://github.com/ow2-proactive/proactive-examples,Python,29,6
1,https://github.com/leikoilja/ha-google-home,Python,14,109
2,https://github.com/ranchlai/PaddleAudio,Python,1,0
3,https://github.com/hortonworks/cloudbreak,Java,183,304
4,https://github.com/archlinux/archinstall,Python,72,1386
5,https://github.com/demisto/content,Python,653,634
6,https://github.com/cookiecutter-flask/cookiecutter-flask,Python,677,3718
7,https://github.com/Trusted-AI/adversarial-robustness-toolbox,Python,611,2145
8,https://github.com/maiot-io/zenml,Python,53,1102
9,https://github.com/huangjian888/jeeweb-mybatis-master,Java,8,11
10,https://github.com/521xueweihan/HelloGitHub,Python,5998,40196
11,https://github.com/trinodb/trino,Java,1025,3140
12,https://github.com/alphagov/notifications-api,Python,20,44
13,https://github.com/seata/seata,Java,5961,19240
14,https://github.com/chewiebug/GCViewer,Java,854,3631
15,https://github.com/Genymobile/scrcpy,C,4911,47497
16,https://github.com/fossasia/pslab-android,Java,792,1846
17,https://github.com/ehrbase/openEHR_SDK,Java,14,15
18,https://github.com/GiorgioComitini/COVID-19,Python,1,16
19,https://github.com/python-telegram-bot/python-telegram-bot,Python,3068,14458
20,https://github.com/biopython/biopython,Python,1284,2677
21,https://github.com/ktbyers/netmiko,Python,905,2282
22,https://github.com/pjreddie/darknet,C,16676,20472
23,https://github.com/totogcc78/trends,Python,5,0
24,https://github.com/JirkaVrbka/PA165-2021-IDomaToJde,Java,1,0
25,https://github.com/naaax123/Python-CSGO-Cheat,Python,14,36
26,https://github.com/Clinical-Genomics/scout,Python,33,95
27,https://github.com/rozierguillaume/vitemadose,Python,1,8
28,https://github.com/microsoft/azure-devops-python-api,Python,104,262
29,https://github.com/akarzhaneuski/exadel_sandbox,Java,3,1
30,https://github.com/sukeesh/Jarvis,Python,712,1962
31,https://github.com/chiraag-kakar/sharenlearn,Python,75,39
32,https://github.com/kyrcha/keycloak-mysql-user-federation,Java,3,9
33,https://github.com/hpc-unibe-ch/ubelix-easyconfigs,Python,1,0
34,https://github.com/RRZE-HPC/likwid,C,162,984
35,https://github.com/bids-standard/bids-specification,Python,100,143
36,https://github.com/getodk/collect,Java,1191,572
37,https://github.com/Seagate/cortx-ha,Python,24,4
38,https://github.com/MonetDB/MonetDB,C,5,45
39,https://github.com/django/django,Python,24332,56896
40,https://github.com/DozerMapper/dozer,Java,455,1877
41,https://github.com/hartwigmedical/hmftools,Java,16,65
42,https://github.com/ptvoinfo/neptun2mqtt,Python,5,11
43,https://github.com/maurosoria/dirsearch,Python,1495,5908
44,https://github.com/DataBiosphere/jade-data-repo,Java,5,8
45,https://github.com/MBRO95/PortableCellNetwork,Python,80,305
46,https://github.com/nevillegrech/gigahorse-toolchain,Python,6,25
47,https://github.com/apache/shardingsphere,Java,4650,13689
48,https://github.com/0day-ci/linux,C,22,24
49,https://github.com/oVirt/vdsm,Python,107,88
50,https://github.com/modin-project/modin,Python,420,5979
51,https://github.com/michelin/suricate,Java,7,23
52,https://github.com/arkivverket/noark5-standard,Python,4,1
53,https://github.com/ikibalin/cryspy,Python,1,3
54,https://github.com/lives-group/APEG,Java,1,2
55,https://github.com/hoi-hoi-hoi/spring-study,Java,1,1
56,https://github.com/zapatacomputing/z-quantum-core,Python,9,13
57,https://github.com/csteinmetz1/auraloss,Python,19,160
58,https://github.com/wren-lang/wren,C,410,4811
59,https://github.com/huggingface/datasets,Python,860,7241
60,https://github.com/JSQLParser/JSqlParser,Java,967,2946
61,https://github.com/ankidroid/Anki-Android,Java,1271,3641
62,https://github.com/HewlettPackard/oneview-python,Python,17,12
63,https://github.com/zenodo/zenodo,Python,185,548
64,https://github.com/EddyVerbruggen/cordova-plugin-googleplus,Java,495,538
65,https://github.com/Azaro1805/Final-Project,Python,2,2
66,https://github.com/apache/cloudstack,Java,835,992
67,https://github.com/HEPData/hepdata,Python,8,25
68,https://github.com/huangyunict/redfin_houses,Python,9,11
69,https://github.com/Gui-Yom/reflex,Java,1,0
70,https://github.com/taiwins/taiwins,C,5,165
71,https://github.com/SaCut/eng84_Team_1_Python_Plane_Project,Python,3,0
72,https://github.com/vlang/vc,C,26,119
73,https://github.com/ocadotechnology/aimmo,Python,49,90
74,https://github.com/javabeanz/owasp-security-logging,Java,28,86
75,https://github.com/dunwu/bigdata-tutorial,Java,6,5
76,https://github.com/ParsimonyGit/shipstation_integration,Python,5,5
77,https://github.com/3b1b/manim,Python,3939,33007
78,https://github.com/live-clones/docutils,Python,2,7
79,https://github.com/ngageoint/sarpy,Python,34,74
80,https://github.com/PyFstat/PyFstat,Python,5,10
81,https://github.com/facebookresearch/PoseWarper,Python,9,109
82,https://github.com/appsembler/course-access-groups,Python,1,3
83,https://github.com/igarashi339/algorithms-simulation,Python,1,0
84,https://github.com/ghantoos/lshell,Python,95,380
85,https://github.com/thesofproject/sof,C,154,189
86,https://github.com/nrfconnect/sdk-nrf,C,523,262
87,https://github.com/scm-manager/scm-manager,Java,8,51
88,https://github.com/Pythogon/PhaseBot,Python,1,2
89,https://github.com/twilio/twilio-python,Python,568,1464
90,https://github.com/nordic-institute/X-Road,Java,107,331
91,https://github.com/cn-cerc/summer-server,Java,6,2
92,https://github.com/hijkzzz/pymarl2,Python,16,36
93,https://github.com/ooni/pipeline,Python,10,36
94,https://github.com/msu-coinlab/pymoo,Python,112,585
95,https://github.com/csteinmetz1/pyloudnorm,Python,17,177
96,https://github.com/robinhood/ticker,Java,435,4091
97,https://github.com/mskcc/beagle,Python,3,0
98,https://github.com/signalapp/Signal-Android,Java,4857,20395
99,https://github.com/ChenEating716/OCRTOC_GINS_Simulation-Part,Python,1,5
100,https://github.com/wat1r/geek-algorithm-leetcode,Java,2,15
101,https://github.com/audacity/audacity,C,926,4064
102,https://github.com/mobvoi/wenet,Python,131,691
103,https://github.com/singgih-ardiansyah/INCLUDE-Intelligent-Camera-System-for-Physical-Distancing,Python,1,0
104,https://github.com/0voice/interview_internal_reference,Python,8498,31105
105,https://github.com/jamescurtin/demo-cookiecutter-flask,Python,4,10
106,https://github.com/palantir/gradle-graal,Java,24,191
107,https://github.com/marklogic/marklogic-data-hub,Java,112,114
108,https://github.com/dhis2/dhis2-core,Java,212,201
109,https://github.com/jitsi/jicofo,Java,293,239
110,https://github.com/gradle/gradle-enterprise-build-config-samples,Java,15,28
111,https://github.com/ruuvi/ruuvi.firmware.c,C,17,24
112,https://github.com/litebird/litebird_sim,Python,3,4
113,https://github.com/atlasmap/atlasmap,Java,64,77
114,https://github.com/Avielyo10/prom,Python,1,0
115,https://github.com/D35m0nd142/LFISuite,Python,313,1047
116,https://github.com/apache/knox,Java,181,122
117,https://github.com/tonlabs/TonNfcClientAndroid,Java,1,3
118,https://github.com/googleapis/python-artifact-registry,Python,4,2
119,https://github.com/mekanism/Mekanism,Java,370,716
120,https://github.com/jamesnGRTLKS/GreatLakesEngineering,Python,2,0
121,https://github.com/zhoutaoo/SpringCloud,Java,2931,6069
122,https://github.com/lockepatton/sonipy,Python,4,16
123,https://github.com/diffplug/spotless,Java,209,1875
124,https://github.com/happyfish100/FastCFS,C,15,133
125,https://github.com/openjdk/jdk16u,Java,42,11
126,https://github.com/SAP/xsk,Java,8,6
127,https://github.com/naver/ngrinder,Java,387,1302
128,https://github.com/data-apis/array-api,Python,5,31
129,https://github.com/PDXFinder/pdxfinder,Java,6,4
130,https://github.com/RedHatInsights/rhsm-subscriptions,Java,3,5
131,https://github.com/cyberark/conjur-api-python3,Python,4,7
132,https://github.com/mate-academy/jv-clonable,Java,238,0
133,https://github.com/alvynben/r2auto_nav,Python,1,0
134,https://github.com/Whissi/linux-stable,C,3,4
135,https://github.com/Griefed/ServerPackCreator,Java,1,3
136,https://github.com/sinus-x/rubbergoddess,Python,7,13
137,https://github.com/emscripten-core/emsdk,Python,371,1618
138,https://github.com/hmcts/ia-case-api,Java,3,3
139,https://github.com/Dipeshpal/Jarvis-Assisant,Python,30,23
140,https://github.com/adobe/aem-core-wcm-components,Java,478,469
141,https://github.com/philipperemy/deep-learning-bitcoin,Python,127,483
142,https://github.com/seek-ret/tests-rtl,Python,1,4
143,https://github.com/PySimpleGUI/PySimpleGUI,Python,1003,6039
144,https://github.com/yshui/picom,C,213,1823
145,https://github.com/ClausPolanka/wordcount,Java,3,1
146,https://github.com/http-kit/http-kit,Java,306,2183
147,https://github.com/guelfoweb/knock,Python,615,2327
148,https://github.com/SAP-samples/cloud-cap-samples-java,Java,37,41
149,https://github.com/realyusufismail/custom-mod,Java,1,1
150,https://github.com/miguelangel-nubla/home-assistant-dewpoint,Python,8,11
151,https://github.com/nirgoren/Eddienput,Python,5,53
152,https://github.com/cain19811028/python-notebook,Python,3,5
153,https://github.com/russss/covidtracker,Python,3,17
154,https://github.com/gpupo/news,Python,1,0
155,https://github.com/magnumripper/john,C,2,9
156,https://github.com/gurneyalex/sale-workflow,Python,1,3
157,https://github.com/intel/intel-extension-for-pytorch,Python,35,119
158,https://github.com/clara-j/media_cleaner,Python,8,17
159,https://github.com/Alfresco/records-management,Java,23,24
160,https://github.com/bulletmark/libinput-gestures,Python,216,2968
161,https://github.com/Cypher-H/Recommender_system,Python,1,0
162,https://github.com/walthowd/husbzb-firmware,Python,10,63
163,https://github.com/longguikeji/arkid,Python,75,234
164,https://github.com/pyamg/pyamg,Python,77,348
165,https://github.com/MEDAL-IITB/Fast_WSI_Color_Norm,Python,19,48
166,https://github.com/cobordism/manim,Python,1,0
167,https://github.com/jwPark6/my-first-spring-boot-app-1,Java,3,0
168,https://github.com/deepset-ai/FARM,Python,175,1173
169,https://github.com/apache/jmeter,Java,1493,5151
170,https://github.com/tw-hx/Signal-Android,Java,1,35
171,https://github.com/kovidgoyal/kitty,Python,552,11107
172,https://github.com/folio-org/mod-inventory,Java,13,2
173,https://github.com/klen/muffin-admin,Python,1,9
174,https://github.com/lion-y/wakeheroku2,Python,1,0
175,https://github.com/sherpaai/Sherpa.ai-Federated-Learning-Framework,Python,7,46
176,https://github.com/truenas/middleware,Python,403,1779
177,https://github.com/XENONnT/WFSim,Python,5,4
178,https://github.com/WeblateOrg/weblate,Python,598,2356
179,https://github.com/nhsconnect/integration-adaptor-mhs,Python,4,1
180,https://github.com/smarc-project/smarc_missions,Python,8,1
181,https://github.com/kbr/fritzconnection,Python,34,138
182,https://github.com/0b01001001/spectree,Python,31,84
183,https://github.com/shazow/workerpool,Python,42,148
184,https://github.com/palantir/human-readable-types,Java,3,6
185,https://github.com/sightmachine/sightmachine-sdk,Python,1,1
186,https://github.com/spiral-project/ihatemoney,Python,160,510
187,https://github.com/ClaireGuerin/coding-challenge-hanno,Python,1,1
188,https://github.com/dankamongmen/notcurses,C,28,618
189,https://github.com/polakowo/vectorbt,Python,112,916
190,https://github.com/stardist/stardist,C,78,240
191,https://github.com/Tafkas/fritzbox-munin,Python,33,125
192,https://github.com/OpenHFT/Java-Thread-Affinity,Java,271,1196
193,https://github.com/Molmed/clarity-ext,Python,6,5
194,https://github.com/keefeWu/QRCode,Python,3,8
195,https://github.com/nigoroll/libvmod-dynamic,C,24,60
196,https://github.com/CodeSoom/project-spring-1-wenodev,Java,1,0
197,https://github.com/netdata/netdata,C,4781,52313
198,https://github.com/react-native-webrtc/react-native-webrtc,Java,849,3382
199,https://github.com/tsoding/bm,C,15,87
200,https://github.com/vasole/pymca,Python,35,35
201,https://github.com/facebookresearch/hydra,Python,338,4072
202,https://github.com/Alluxio/alluxio,Java,2452,5053
203,https://github.com/teeminus/NoTouchScreenFirmware,C,8,35
204,https://github.com/EooHoSun/coupang-eats-order,Java,1,0
205,https://github.com/horovod/horovod,Python,1801,11111
206,https://github.com/lgandx/PCredz,Python,296,1077
207,https://github.com/RIPE-NCC/rpki-validator-3,Java,28,55
208,https://github.com/Shynixn/StructureBlockLib,Java,3,27
209,https://github.com/chmouel/tekton-asa-code,Python,4,10
210,https://github.com/openZH/covid_19,Python,184,418
211,https://github.com/Lu342/ProjetoBiblioteca,Java,1,0
212,https://github.com/uyuni-project/uyuni,Java,89,175
213,https://github.com/nf-core/tools,Python,67,97
214,https://github.com/cuhksz-nlp/DGSA,Python,3,10
215,https://github.com/UNICT-DMI/Telegram-SpottedDMI-Bot,Python,4,8
216,https://github.com/hmcts/bulk-scan-payment-processor,Java,1,1
217,https://github.com/algorithmzuo/algorithmbasic2020,Java,278,328
218,https://github.com/Michael-E-Rose/CoFE,Python,4,2
219,https://github.com/datawhalechina/fun-rec,Python,132,332
220,https://github.com/rizinorg/rizin,C,87,762
221,https://github.com/anki-code/xonsh-cheatsheet,Python,1,15
222,https://github.com/xuya227939/LiuJiang-Blog,Python,6,43
223,https://github.com/pop-os/pop,Python,42,1256
224,https://github.com/scylladb/scylla-machine-image,Python,11,9
225,https://github.com/debezium/debezium,Java,1231,4622
226,https://github.com/fyhertz/spydroid-ipcamera,Java,768,1535
227,https://github.com/infOpen/ansible-role-openjdk-jdk,Python,4,2
228,https://github.com/ita-social-projects/Home,Java,9,8
229,https://github.com/purrbot-site/PurrBot,Java,9,29
230,https://github.com/CapitalRegionVaccine/CapitalRegionVaccine,Python,2,8
231,https://github.com/ConsortiumGARR/idem-tutorials,Python,45,57
232,https://github.com/inveniosoftware-contrib/citadel-search,Python,2,4
233,https://github.com/nuxeo/nuxeo-drive,Python,45,55
234,https://github.com/openjdk/jdk,Java,2190,9077
235,https://github.com/ansible-collections/community.aws,Python,175,65
236,https://github.com/fluent/fluent-bit,C,756,2672
237,https://github.com/hitiksaini/Data-Structures-and-Algorithms,Python,1,1
238,https://github.com/philipp-kurz/Metin2-Bot,Python,1,3
239,https://github.com/IBM/ibm-block-csi-driver,Python,16,22
240,https://github.com/gardenlinux/gardenlinux,Python,26,42
241,https://github.com/cuenca-mx/cuenca-python,Python,12,3
242,https://github.com/pravega/pravega,Java,300,1449
243,https://github.com/ansible-community/ansible-lint,Python,384,2454
244,https://github.com/smarc-project/smarc_stonefish_sims,Python,2,0
245,https://github.com/firebase/FirebaseUI-Android,Java,1823,4226
246,https://github.com/Open-Catalyst-Project/ocp,Python,31,122
247,https://github.com/NJUNLP/GTS,Python,7,21
248,https://github.com/mdehoon/biopython,Python,2,0
249,https://github.com/Rails-18xx/Rails,Java,23,30
250,https://github.com/martinpaljak/cdoc,Java,1,2
251,https://github.com/vegesm/first-cc-gcc,C,3,137
252,https://github.com/QualiSystemsLab/colony-start-sb-action,Python,1,0
253,https://github.com/GoogleCloudPlatform/fda-mystudies,Java,16,23
254,https://github.com/apache/camel-kafka-connector,Java,62,65
255,https://github.com/jro1979oliver/kernel_motorola_msm8916,C,1,2
256,https://github.com/wizyoung/YOLOv3_TensorFlow,Python,584,1450
257,https://github.com/d-li14/involution,Python,100,794
258,https://github.com/Khalvat-M/kernel_samsung_msm8974,C,1,4
259,https://github.com/Leezhonglin/user_restful_api,Python,38,64
260,https://github.com/Chronial/wsl-sudo,Python,1,11
261,https://github.com/enormandeau/stacks_workflow,Python,20,35
262,https://github.com/BjerknesClimateDataCentre/QuinCe,Java,5,3
263,https://github.com/William-King977/eng84_python_plane_project,Python,1,0
264,https://github.com/unhuman-io/freebot-controller,C,3,0
265,https://github.com/AdguardTeam/AdguardFilters,Python,269,947
266,https://github.com/gwaldron/osgearth,C,605,919
267,https://github.com/youseokhwan/CodingTestStudy,Java,2,0
268,https://github.com/breadbee/breadbee_buildroot,Python,2,0
269,https://github.com/aio-libs/aiohttp,Python,1573,11068
270,https://github.com/xiangzhihong/TodayNews-1,Java,1,1
271,https://github.com/Chia-Network/chia-blockchain,Python,303,3186
272,https://github.com/defanator/modsecurity-performance,Python,3,20
273,https://github.com/rms-support-letter/rms-support-letter.github.io,Python,5469,2344
274,https://github.com/Seagate/cortx-utils,Python,46,5
275,https://github.com/elastic/elasticsearch,Java,19705,54573
276,https://github.com/kubeflow/manifests,Python,328,175
277,https://github.com/midorikocak/currency-picker-android,Java,26,59
278,https://github.com/lawremi/rtracklayer,C,10,13
279,https://github.com/ansible-collections/community.fortios,Python,2,0
280,https://github.com/jdi-testing/jdi-light,Java,33,55
281,https://github.com/gcc-mirror/gcc,C,2639,4916
282,https://github.com/4uiiurz1/pytorch-nested-unet,Python,116,430
283,https://github.com/hyvanmielenpelit/GnollHack,C,4,11
284,https://github.com/WildMeOrg/houston,Python,3,3
285,https://github.com/shuzheng/zheng,Java,7434,15917
286,https://github.com/terrymanu/incubator-shardingsphere,Java,1,2
287,https://github.com/CodeSoom/project-spring-1-sunggyupaik,Java,1,0
288,https://github.com/qmk/qmk_firmware,C,18971,9391
289,https://github.com/apluslms/radar,Python,4,3
290,https://github.com/ie3-institute/PowerSystemDataModel,Java,2,11
291,https://github.com/AztechMC/Modern-Industrialization,Java,10,15
292,https://github.com/dhis2/dhis2-android-capture-app,Java,46,23
293,https://github.com/sailist/thexp,Python,4,33
294,https://github.com/mathLab/BladeX,Python,13,34
295,https://github.com/bettersg/verifact_backend,Python,1,0
296,https://github.com/delmic/odemis,Python,28,25
297,https://github.com/galaxyproject/galaxy,Python,677,819
298,https://github.com/hotmosit/Spring_boot_assign_14,Java,1,0
299,https://github.com/ipa320/haros,Python,1,1
300,https://github.com/AtharvaGangji/calculator,Python,1,1
301,https://github.com/astrandb/automower_hass,Python,1,0
302,https://github.com/daos-stack/daos,C,121,288
303,https://github.com/tox-dev/tox,Python,361,2170
304,https://github.com/codefortoda/covid19-saitama-scraping,Python,1,0
305,https://github.com/frappe/erpnext,Python,3478,8134
306,https://github.com/AlpsBTE/AlpsBTE-PlotSystem,Java,2,2
307,https://github.com/ansible-collections/cisco.nxos,Python,45,39
308,https://github.com/lileipisces/NETE,Python,8,8
309,https://github.com/PyCQA/pylint,Python,696,3298
310,https://github.com/sipwise/rtpengine,C,252,452
311,https://github.com/wechatbot/wechat.robot.sdk,Java,17,33
312,https://github.com/fabric8io/kubernetes-client,Java,888,1823
313,https://github.com/meetecho/janus-gateway,C,1819,5501
314,https://github.com/idaholab/Malcolm,Python,8,60
315,https://github.com/jubiman/Thesis-Game,Python,4,4
316,https://github.com/Siflower/1806_SDK,C,7,1
317,https://github.com/paulscherrerinstitute/pyzebra,Python,1,1
318,https://github.com/miso-lims/miso-lims,Java,63,133
319,https://github.com/tud-cor/mc_mros_reasoner,Python,7,2
320,https://github.com/Majrusz/WonderfulEnchantmentsMod,Java,5,1
321,https://github.com/asierbrizu/Prog4Grupo2,C,1,0
322,https://github.com/zhangj111/astnn,Python,52,99
323,https://github.com/skyhightest4org1/Finance,Java,2,1
324,https://github.com/home-assistant/netdisco,Python,156,242
325,https://github.com/Poncheele/Montpellier_Biking,Python,3,1
326,https://github.com/openpbs/openpbs,C,252,436
327,https://github.com/heshuting555/TransReID,Python,21,146
328,https://github.com/PrashantDhungana/ScrapeSexStories-Reddit,Python,1,1
329,https://github.com/EnnoidMe/ENNOID-BMS-Firmware,C,9,3
330,https://github.com/PostHog/posthog,Python,303,4020
331,https://github.com/geoserver/geoserver,Java,1659,2320
332,https://github.com/DRDRD18/balloons,Python,8,21
333,https://github.com/ArjaanAuinger/pyaudiodsptools,Python,5,157
334,https://github.com/cristianpb/object-detection,Python,15,35
335,https://github.com/didi/wmt2021_triangular_mt,Python,1,9
336,https://github.com/postgresql-cfbot/postgresql,C,1,3
337,https://github.com/WLAN-Pi/fpms,Python,4,5
338,https://github.com/cta-wave/mezzanine,Python,2,2
339,https://github.com/NLeSC/python-template,Python,24,82
340,https://github.com/jiayi-ma/FusionGAN,Python,36,86
341,https://github.com/thegrill/grill,Python,2,0
342,https://github.com/kaltura/playkit-android,Java,25,32
343,https://github.com/chillzhuang/SpringBlade,Java,943,4389
344,https://github.com/crate/crate,Java,438,3075
345,https://github.com/elastic/elasticsearch,Java,19705,54572
346,https://github.com/jonaswinkler/paperless-ng,Python,75,1124
347,https://github.com/kittoh/test_GA,Python,2,0
348,https://github.com/AppliedAcousticsChalmers/levitate,Python,2,8
349,https://github.com/zhangdaiscott/JimuReport,Java,467,1151
350,https://github.com/xuwujing/springBoot-study,Java,639,1097
351,https://github.com/jupyterlab/nbclassic,Python,13,12
352,https://github.com/torchbox/wagtail-torchbox,Python,42,84
353,https://github.com/ximfine/XBot-Remix,Python,7,2
354,https://github.com/pymedusa/Medusa,Python,218,1279
355,https://github.com/foss-for-synopsys-dwc-arc-processors/openocd,C,9,10
356,https://github.com/ActiveState/appdirs,Python,77,719
357,https://github.com/candlepin/candlepin,Java,60,68
358,https://github.com/yunjey/pytorch-tutorial,Python,6376,20281
359,https://github.com/woodsts/linux-stable,C,5,2
360,https://github.com/streamnative/pulsar,Java,3,22
361,https://github.com/LiteOS/I-CUBE-HUAWEI,C,3,4
362,https://github.com/CovidTrackerFr/vitemadose,Python,28,44
363,https://github.com/git/git,C,21345,37654
364,https://github.com/facebookresearch/detectron2,Python,4128,16023
365,https://github.com/DemocracyClub/UK-Polling-Stations,Python,24,27
366,https://github.com/DimmestP/chimera_project_manuscript,Python,2,1
367,https://github.com/infOpen/ansible-role-openjdk-jre,Python,3,0
368,https://github.com/openjdk/jdk,Java,2190,9078
369,https://github.com/hmcts/div-case-orchestration-service,Java,2,6
370,https://github.com/nawrotlab/larvaworld,Python,4,2
371,https://github.com/guardicore/monkey,Python,598,5174
372,https://github.com/pydata/pydata-sphinx-theme,Python,90,124
373,https://github.com/Insper/SAME70-examples,C,16,1
374,https://github.com/kirkhansen/covid-vaccine-finder,Python,1,4
375,https://github.com/nailgun/journal2gelf,Python,3,2
376,https://github.com/cisagov/domain-manager-api,Python,1,3
377,https://github.com/hmcts/reform-scan-notification-service,Java,1,0
378,https://github.com/lethuydung0109/skillZ,Java,2,0
379,https://github.com/magento/magento2-phpstorm-plugin,Java,67,301
380,https://github.com/rms-support-letter/rms-support-letter.github.io,Python,5470,2344
381,https://github.com/garypang13/openwrt-packages,C,55,42
382,https://github.com/ChangxingJiang/CxSpider,Python,53,207
383,https://github.com/ShaoQiBNU/YouTube_get_video,Python,9,19
384,https://github.com/certtools/intelmq,Python,249,635
385,https://github.com/ros/rosdistro,Python,1792,559
386,https://github.com/iqiyi/xHook,C,481,2381
387,https://github.com/gnarayan/decat_pointings,Python,2,1
388,https://github.com/openjdk/jdk13u-dev,Java,20,11
389,https://github.com/yurake/k8s-3tier-webapp,Java,3,3
390,https://github.com/apache/camel,Java,4253,3696
391,https://github.com/apache/lucene,Java,71,154
392,https://github.com/eth-cscs/firecrest,Python,2,6
393,https://github.com/carpentries-incubator/scrna-seq-analysis,Python,1,0
394,https://github.com/folio-org/mod-pubsub,Java,4,0
395,https://github.com/beyond-io/roo.me,Python,7,5
396,https://github.com/daenuprobst/covid19-cases-switzerland,Python,74,288
397,https://github.com/SatelliteQE/robottelo,Python,96,46
398,https://github.com/arc-arnob/LnT_Mini_Project,C,102,5
399,https://github.com/ArgonSilicon/tscfat,Python,2,0
400,https://github.com/chefyuan/algorithm-base,Java,403,2606
401,https://github.com/AdaCore/langkit,Python,26,56
402,https://github.com/jordansissel/keynav,C,83,357
403,https://github.com/tiangolo/fastapi,Python,2071,29856
404,https://github.com/entando/entando-engine,Java,1,8
405,https://github.com/AnjuMeleth/SpringPetClinic,Java,330,0
406,https://github.com/datastax/cassandra,Java,5,3
407,https://github.com/ageitgey/image_to_numpy,Python,29,150
408,https://github.com/huangyz0918/AndroidWM,Java,147,1341
409,https://github.com/geekcomputers/Python,Python,9936,22382
410,https://github.com/ModelDBRepository/115966,C,1,0
411,https://github.com/ivan-bilan/The-NLP-Pandect,Python,180,1392
412,https://github.com/Shirakumo/weelichat,Python,1,0
413,https://github.com/googleapis/python-asset,Python,11,8
414,https://github.com/ManimCommunity/manim,Python,267,2332
415,https://github.com/adamyg/grief,C,4,7
416,https://github.com/demisto/demisto-sdk,Python,19,25
417,https://github.com/jnypan/TMNet,Python,9,45
418,https://github.com/AY2021S2-CS2103T-T13-3/tp,Java,5,0
419,https://github.com/kg-construct/rml-test-cases-support,Python,2,1
420,https://github.com/elasticvolcano/unicorn_api_proxy,Python,42,28
421,https://github.com/quarkusio/quarkus,Java,1344,7473
422,https://github.com/netdata/netdata,C,4781,52312
423,https://github.com/AgentMaker/Paddle-RLBooks,Python,5,19
424,https://github.com/projectnessie/nessie,Java,24,188
425,https://github.com/raphael-group/hatchet,Python,11,21
426,https://github.com/macrozheng/mall,Java,20861,48439
427,https://github.com/wldns0202/raon,Java,1,2
428,https://github.com/CyC2018/CS-Notes,Java,41022,126306
429,https://github.com/CSCfi/etsin-finder-search,Python,1,0
430,https://github.com/workonfire/Skargowiec-LITE,Python,1,3
431,https://github.com/ludup/hypersocket-client,Java,1,0
432,https://github.com/fiaas/fiaas-deploy-daemon,Python,21,42
433,https://github.com/ytdl-org/youtube-dl,Python,4703,93576
434,https://github.com/apache/skywalking,Java,4895,16634
435,https://github.com/lsils/bill,C,2,8
436,https://github.com/jh-jeong/ContraD,Python,13,91
437,https://github.com/Seniatical/Mecha-Karen-Source-Code,Python,14,24
438,https://github.com/reactor/reactor-netty,Java,395,1453
439,https://github.com/giladreich/ida_migrator,Python,4,17
440,https://github.com/open-eid/SiGa,Java,3,6
441,https://github.com/nakagami/CyMySQL,Python,40,145
442,https://github.com/tbischler/PEAKachu,Python,4,9
443,https://github.com/wiremind/remoulade,Python,5,13
444,https://github.com/apache/incubator-nuttx-apps,C,116,72
445,https://github.com/wazuh/wazuh,C,493,2195
446,https://github.com/inf-covid19/data,Python,1,17
447,https://github.com/signalapp/Signal-Server,Java,1521,6547
448,https://github.com/conan-io/conan-center-index,Python,491,344
449,https://github.com/Cursoreducation/Python-Basic-Steve-Trevor,Python,10,2
450,https://github.com/nibuiro/CondConv-pytorch,Python,14,82
451,https://github.com/dmariel/devops-course,Python,1,0
452,https://github.com/sftcd/openssl,C,9,26
453,https://github.com/jugmac00/flask-reuploaded,Python,4,24
454,https://github.com/smooks/smooks-fixed-length-cartridge,Java,1,1
455,https://github.com/fitbenchmarking/fitbenchmarking,Python,4,1
456,https://github.com/begood0513/goodnews,Python,7,7
457,https://github.com/gibcheesepuffs/Switch-My-Slot-Android,Java,5,7
458,https://github.com/arekinath/PivApplet,Java,20,49
459,https://github.com/microcks/microcks,Java,69,336
460,https://github.com/activeloopai/Hub,Python,233,3031
461,https://github.com/fishtown-analytics/dbt,Python,556,2845
462,https://github.com/luna-rs/luna,Java,42,133
463,https://github.com/safe-graph/DGFraud,Python,76,297
464,https://github.com/dmlc/dgl,Python,1471,7112
465,https://github.com/Iridium-Development/IridiumSkyblock,Java,6,12
466,https://github.com/aurelhubert/ahbottomnavigation,Java,697,3868
467,https://github.com/detailyang/awesome-cheatsheet,Python,904,5566
468,https://github.com/rik-helwegen/CEVAE_pytorch,Python,6,7
469,https://github.com/Rappsilber-Laboratory/xiRT,Python,1,3
470,https://github.com/rbkmoney/magista,Java,3,1
471,https://github.com/onelogin/java-saml,Java,332,459
472,https://github.com/moskomule/senet.pytorch,Python,355,1572
473,https://github.com/mozillazg/pinyin-data,Python,135,652
474,https://github.com/VarunSaraswathibatla/LearnCode,C,1,1
475,https://github.com/zhangdaiscott/jeewx-boot,Java,400,805
476,https://github.com/Tecnativa/sale-workflow,Python,2,0
477,https://github.com/apache/druid,Java,2896,10778
478,https://github.com/CiscoSecurity/tr-05-serverless-gigamon-threatinsight,Python,1,3
479,https://github.com/SanPen/GridCal,Python,55,207
480,https://github.com/0ranko0P/AutoDark,Java,2,44
481,https://github.com/Qubits-ops/Chiffrement_Projet,Python,1,1
482,https://github.com/nr23730/fhirspark,Java,1,0
483,https://github.com/Gertjan-Goetynck/switchfully-eurder,Java,1,0
484,https://github.com/opensciencegrid/topology,Python,127,8
485,https://github.com/okfn/ckanext-unhcr,Python,4,5
486,https://github.com/Hamlib/Hamlib,C,117,211
487,https://github.com/allenai/allennlp,Python,2044,9933
488,https://github.com/apache/flink,Java,8866,16025
489,https://github.com/luzpaz/codespell,Python,1,2
490,https://github.com/signalapp/Signal-Android,Java,4856,20395
491,https://github.com/CathLev/Operativsystemer,C,1,1
492,https://github.com/games647/ChangeSkin,Java,25,120
493,https://github.com/TimoCloud/TimoCloud,Java,18,32
494,https://github.com/GCGImdea/coronasurveys,Python,10,15
495,https://github.com/F5OEO/rpitx,C,342,2343
496,https://github.com/Neotys-Labs/neoload-cli,Python,12,5
497,https://github.com/duck-fi/contracts,Python,1,2
498,https://github.com/funnyzpc/mee-admin,Java,40,101
499,https://github.com/microservices-patterns/ftgo-application,Java,709,1813
500,https://github.com/theislab/sfaira,Python,1,61
501,https://github.com/0vercl0k/CVE-2021-24086,Python,32,151
502,https://github.com/infOpen/ansible-role-php,Python,2,0
503,https://github.com/owid/covid-19-data,Python,1846,3303
504,https://github.com/haproxy/haproxy,C,432,1981
505,https://github.com/zromano/Capture-The-Flag,Java,1,0
506,https://github.com/tribe29/checkmk,Python,230,462
507,https://github.com/NLPchina/elasticsearch-sql,Java,1445,6324
508,https://github.com/pdm-project/pdm,Python,26,561
509,https://github.com/wagtail/wagtail,Python,2207,10490
510,https://github.com/bubbliiiing/Siamese-pytorch,Python,11,49
511,https://github.com/ConfD-Developer/ConfD-Demos,C,5,4
512,https://github.com/openequella/openEQUELLA,Java,33,31
513,https://github.com/abdulfatir/gan-metrics-pytorch,Python,13,36
514,https://github.com/next-step/java-ladder,Java,291,16
515,https://github.com/onap/ccsdk-features,Java,2,0
516,https://github.com/timescale/timescaledb-docker-ha,Python,6,14
517,https://github.com/nteract/testbook,Python,17,217
518,https://github.com/apache/hive,Java,3498,3685
519,https://github.com/logicalclocks/maggy,Python,14,59
520,https://github.com/DataKind-DC/ifes-elections,Python,8,1
521,https://github.com/katrid/orun,Python,3,9
522,https://github.com/NextCenturyCorporation/MCS,Python,4,3
523,https://github.com/palantir/conjure-postman,Java,6,9
524,https://github.com/liqd/a4-civic-europe,Python,1,2
525,https://github.com/jojoldu/freelec-springboot2-webservice,Java,228,448
526,https://github.com/qving11/awesome-python3-webapp,Python,2,2
527,https://github.com/zephyrproject-rtos/west,Python,59,76
528,https://github.com/PaddlePaddle/Paddle,Python,3671,14882
529,https://github.com/edx/edx-enterprise,Python,28,32
530,https://github.com/poliastro/poliastro,Python,213,474
531,https://github.com/RIOT-OS/RIOT,C,1696,3783
532,https://github.com/shellinabox/shellinabox,C,378,2156
533,https://github.com/MAfarrag/Hapi,Python,11,4
534,https://github.com/tobias-dv-lnu/s4rdm3x,Java,4,3
535,https://github.com/neuralmagic/sparseml,Python,16,147
536,https://github.com/janakiramm/Kubernetes-multi-container-pod,Python,103,55
537,https://github.com/nicolas-chaulet/torch-points3d,Python,179,1192
